﻿<?xml version="1.0" encoding="UTF-8"?>
<selector xmlns:android="http://schemas.android.com/apk/res/android">
  <item android:state_focused="true" >
    <shape android:shape="rectangle">
      <gradient
          android:startColor="@color/entry_background"
          android:endColor="@color/entry_background"
          android:angle="270" />
      <stroke
          android:width="1dp"
          android:color="#fc0505" />
      <corners
          android:radius="4dp" />
    </shape>
  </item>
  <item>
    <shape android:shape="rectangle">
      <gradient
          android:startColor="@color/entry_background"
          android:endColor="@color/entry_background"
          android:angle="270" />
      <stroke
          android:width="1dp"
          android:color="@color/entry_border" />
      <corners
          android:radius="4dp" />
    </shape>
  </item>
</selector>